,Cumulative theta,Abs Cumulative Theta,Cumulative logfc,Abs Cumulative logfc,tau2,pval.adj,theta_GSE143752,theta_GSE186835,theta_GSE287994,theta_GSE99511,sp2_GSE143752,sp2_GSE186835,sp2_GSE287994,sp2_GSE99511
CHST2,1.580635,1.580635,0.233084,0.233084,0.426943,0.008051,2.570026,1.020976,1.174028,0.907096,0.090323,0.743495,0.433191,0.273314
VPS33B,1.466623,1.466623,0.079978,0.079978,0.000000,0.000000,0.042819,-0.226595,-0.033543,1.591968,1.860213,2.651892,6.087029,0.075951
LIN9,-1.425328,1.425328,0.108074,0.108074,0.331674,0.000000,0.043040,-0.690203,-0.163291,-2.108525,2.500765,0.350864,6.544816,0.052364
GLE1,1.406535,1.406535,-0.109706,0.109706,0.000000,0.000000,-0.044061,0.245648,-0.014969,1.509814,2.479723,2.843546,4.851267,0.080294
KCNC4,-1.339771,1.339771,-0.331855,0.331855,0.000000,0.000000,-0.156354,-1.191307,0.090683,-1.529870,2.113801,0.091171,2.135400,0.066511
ZNF689,-1.318591,1.318591,-0.102926,0.102926,0.031436,0.000000,-0.132988,-0.175645,-0.058358,-1.484126,0.770788,3.456086,3.097017,0.043519
GLUD1,1.311905,1.311905,0.053232,0.053232,0.181009,0.000000,0.714561,-0.077840,1.751559,1.491775,0.074192,3.058657,0.044063,0.039349
C2orf29,1.287278,1.287278,-0.041943,0.041943,0.000000,0.000027,-0.023361,-0.205937,-0.160007,1.442379,1.788090,2.165175,4.919404,0.090342
CCDC39,1.276336,1.276336,0.330311,0.330311,0.000000,0.000028,1.072838,0.358715,0.474166,1.583551,0.306628,2.464587,1.364587,0.189190
C20orf112,1.269138,1.269138,0.330303,0.330303,0.000000,0.000012,0.062908,-0.014739,-0.053192,1.450210,5.229120,43.552168,6.943144,0.401840
SEC61A2,1.222420,1.222420,0.165619,0.165619,0.141824,0.000000,0.240491,-0.034724,0.426485,1.785984,0.685859,5.419014,1.291422,0.144573
PMPCB,1.221959,1.221959,0.624988,0.624988,0.000000,0.000036,0.127491,-0.079168,-0.042460,1.397999,4.882205,1.814823,3.747377,0.137689
FAM73B,1.213608,1.213608,0.102129,0.102129,0.000000,0.000000,0.069125,-0.167295,0.041550,1.392120,1.471417,5.477714,1.881846,0.108010
C9orf37,-1.198912,1.198912,-0.114855,0.114855,0.308997,0.000000,-0.057245,0.281009,-0.149892,-1.915365,1.998168,6.678674,0.837502,0.132821
ZNF710,-1.196213,1.196213,0.173845,0.173845,0.000000,0.000012,0.077409,-0.032380,-0.042285,-1.322934,2.236619,10.261226,2.573770,0.112023
HEG1,-1.177554,1.177554,0.090508,0.090508,0.025661,0.000001,0.062145,-0.092188,0.134898,-1.316481,1.450460,2.652570,1.389484,0.038286
PPARGC1B,1.169111,1.169111,0.442213,0.442213,0.000000,0.000251,0.109911,0.331632,0.009785,1.409659,4.006932,0.705010,8.316814,0.151132
LOC728323,1.166766,1.166766,0.191926,0.191926,0.000000,0.000000,0.173273,0.001489,-0.005491,1.427963,1.103131,5.946609,2.188836,0.160035
ZCCHC9,1.165220,1.165220,0.224958,0.224958,0.166139,0.000000,0.215075,-0.099750,-0.076641,1.632124,1.041685,3.358590,1.513066,0.081543
RBMS1,1.160853,1.160853,0.134622,0.134622,0.582489,0.000233,0.974819,0.067516,2.293632,0.530362,0.137536,1.034767,0.130375,0.380624
POGK,1.148731,1.148731,0.058096,0.058096,0.579290,0.000625,0.710759,1.190392,2.220068,0.402585,0.081405,0.093608,0.037756,0.077964
INPP1,1.141940,1.141940,0.028606,0.028606,0.132943,0.007383,0.724072,-0.167697,1.157214,1.647360,0.039346,2.858090,0.086822,0.047969
RNU5D,1.130755,1.130755,0.224958,0.224958,0.219351,0.000000,0.215075,-0.046709,-0.067936,1.681611,1.041685,3.266621,1.332589,0.080632
RNU5E,1.130755,1.130755,0.224958,0.224958,0.219351,0.000000,0.215075,-0.046709,-0.067936,1.681611,1.041685,3.266621,1.332589,0.080632
ENPP4,1.121655,1.121655,0.449427,0.449427,0.000000,0.001810,0.404655,0.111110,0.320896,1.341586,1.106107,6.364811,2.264698,0.189502
ZSCAN12,1.117382,1.117382,0.291813,0.291813,0.000000,0.005403,1.329443,0.849914,0.699384,1.020369,0.218605,0.846386,1.150335,0.333735
MTCP1,1.117224,1.117224,0.050536,0.050536,0.352228,0.007310,0.506008,0.590007,1.505350,1.845613,0.099464,0.094811,0.097718,0.083955
SNORD59A,1.114404,1.114404,0.134067,0.134067,0.222880,0.001436,0.649970,1.908465,0.758457,0.919249,0.205425,0.081973,0.212609,0.054715
DUSP16,1.113429,1.113429,0.342196,0.342196,0.000000,0.000098,0.086509,-0.131190,0.076435,1.222979,3.939467,10.876122,4.724850,0.184245
KCNA3,1.103903,1.103903,0.461364,0.461364,0.000000,0.008045,1.212248,0.779415,0.883911,1.118875,0.379032,1.867775,1.604232,0.598563
FAM35A,1.101591,1.101591,0.053232,0.053232,0.004300,0.000000,0.714561,-0.094093,1.233702,1.183131,0.074192,2.908768,0.036101,0.035066
C5orf62,-1.091667,1.091667,-0.108860,0.108860,0.000000,0.000017,-0.007414,-0.216781,0.056571,-1.125798,14.622802,2.284709,19.783961,0.066257
GPATCH8,-1.090932,1.090932,0.059063,0.059063,0.516303,0.000000,0.058594,-0.135948,-0.254476,-2.006191,1.003879,4.456018,0.841078,0.068727
DTWD2,-1.085376,1.085376,-0.038134,0.038134,0.000000,0.000000,-1.119794,-0.554169,-1.239236,-0.953062,0.033915,0.347351,0.030940,0.029677
SLC39A3,1.080845,1.080845,0.094029,0.094029,0.000000,0.001419,1.314873,0.792235,0.872196,0.568558,0.071220,1.855067,0.194837,0.248742
PRKAG2,-1.078816,1.078816,-0.174671,0.174671,0.165832,0.000000,-0.296127,-0.160443,-0.167984,-1.610842,0.587442,1.487237,1.421049,0.079502
CLCN2,1.078445,1.078445,-0.068960,0.068960,0.004927,0.000002,-0.069739,0.115873,0.288349,1.203744,0.984790,0.944117,1.720227,0.042672
ARMC1,1.071078,1.071078,0.039604,0.039604,0.000000,0.000000,1.005284,0.293344,1.143684,1.227722,0.039235,0.333736,0.064444,0.054378
USP8,1.070887,1.070887,0.098894,0.098894,0.220350,0.000211,1.147117,-0.353919,1.192172,1.405390,0.085859,0.573947,0.062158,0.079511
ALCAM,1.058137,1.058137,0.060404,0.060404,0.130302,0.000000,1.551591,-0.012387,0.967733,0.783086,0.038771,0.877618,0.059837,0.068866
PQLC1,-1.055436,1.055436,-0.153992,0.153992,0.000000,0.000004,-0.128260,-0.262132,0.011061,-1.294502,1.195723,1.992281,1.417354,0.124122
SMC5,1.050177,1.050177,0.029064,0.029064,0.000000,0.000014,0.018574,-0.198446,0.018353,1.124834,1.558356,4.184367,2.832678,0.056360
CASP6,-1.047373,1.047373,-0.058476,0.058476,0.225066,0.000000,-0.597899,-0.032418,-1.006729,-1.704763,0.097403,1.025382,0.059213,0.054854
C9orf75,-1.046833,1.046833,-0.097190,0.097190,0.527930,0.000000,-0.074512,-0.029393,-0.033840,-1.935956,1.299036,2.066151,0.999429,0.032094
ARAF,1.041074,1.041074,0.051432,0.051432,0.231852,0.000471,0.320985,1.762678,1.108479,0.823233,0.159577,0.102428,0.168012,0.214906
LOC202781,1.040865,1.040865,0.289235,0.289235,0.328276,0.000000,0.148724,-0.236482,-0.101414,1.697252,1.936843,1.090916,2.834385,0.068310
PAXIP1,1.040865,1.040865,0.289235,0.289235,0.328276,0.000000,0.148724,-0.236482,-0.101414,1.697252,1.936843,1.090916,2.834385,0.068310
KIAA1383,1.036367,1.036367,0.193409,0.193409,0.000000,0.003090,0.283364,0.523227,0.346474,1.417522,0.679760,2.073026,1.672082,0.215600
TNFRSF12A,1.035580,1.035580,0.074013,0.074013,0.261626,0.000000,0.802713,-0.039574,1.769345,0.351974,0.091827,2.566717,0.068729,0.316637
RG9MTD2,1.030195,1.030195,0.014516,0.014516,0.044528,0.000007,0.013503,-0.234685,0.072898,1.431518,1.070598,2.739182,1.324451,0.149780
KIF21A,-1.015738,1.015738,-0.084375,0.084375,0.000000,0.008764,-0.165176,-1.129747,-0.016244,-1.062902,0.508735,0.112440,2.356825,0.043587
CUL4B,1.015521,1.015521,0.027706,0.027706,0.255890,0.005663,0.185349,1.258175,0.873737,1.646943,0.148871,0.135439,0.194672,0.105828
CCDC84,1.012855,1.012855,0.053019,0.053019,0.000000,0.000433,0.065431,-0.020100,0.062052,1.404124,0.806984,5.047624,1.367024,0.188636
SLC35A2,1.012247,1.012247,0.048787,0.048787,0.200187,0.001457,0.404983,1.676046,1.191967,0.706161,0.119975,0.095419,0.147908,0.153624
BSDC1,1.011200,1.011200,0.168127,0.168127,0.688748,0.000000,0.693388,0.074514,0.215654,2.206893,0.241482,1.238382,0.406417,0.080624
EXOSC7,1.009127,1.009127,-0.053459,0.053459,0.159815,0.000000,-0.048159,-0.062240,0.017496,1.461978,1.105520,1.667161,1.536657,0.065874
CCDC48,1.007245,1.007245,0.024033,0.024033,0.020708,0.004920,0.796382,0.667835,1.254297,1.090079,0.030054,0.128499,0.028799,0.036879
FBXL4,-1.004050,1.004050,0.111564,0.111564,0.000000,0.000019,0.120550,-0.124276,-0.049213,-1.164346,0.921678,1.886433,1.776969,0.072080
FBXO4,1.003840,1.003840,-0.073742,0.073742,0.000000,0.004310,-0.070472,-0.332154,0.064260,1.167512,1.042127,3.726357,1.707384,0.084380
PRPF39,-0.997991,0.997991,-0.329716,0.329716,0.000000,0.000039,-0.138615,-0.236550,-0.048048,-1.092628,2.368946,1.691500,2.879999,0.082814
WDR8,0.992782,0.992782,0.149401,0.149401,0.000000,0.000000,0.851153,0.624772,0.633098,1.378736,0.174811,1.247725,0.253891,0.153045
ZDHHC3,0.983438,0.983438,-0.053459,0.053459,0.169835,0.000000,-0.048159,-0.062240,0.065174,1.461978,1.105520,1.667161,1.238324,0.065874
ALS2CR8,0.980814,0.980814,-0.197277,0.197277,0.000000,0.001457,-0.068646,-0.247077,-0.070711,1.267385,2.862096,1.225259,3.890068,0.174831
SUMO1,-0.980047,0.980047,0.048857,0.048857,0.000000,0.000135,0.039103,-0.023863,-0.018377,-1.208498,1.244349,1.979813,2.171593,0.130930
IER5L,-0.978530,0.978530,-0.119905,0.119905,1.041590,0.000000,-0.193461,-0.522587,0.196398,-2.400753,0.617259,0.670654,1.055265,0.052534
MGC2752,0.973171,0.973171,0.046168,0.046168,0.082375,0.000161,0.713634,0.186510,0.874288,1.372217,0.064430,0.508566,0.108998,0.027987
WDR5,0.971922,0.971922,0.135813,0.135813,0.005940,0.000006,0.192527,-0.158648,-0.131922,1.178650,0.702543,6.356145,0.856438,0.074883
ATP5J,-0.957596,0.957596,-0.038630,0.038630,0.424419,0.004132,-0.286050,-0.894101,-0.450542,-1.874573,0.134495,0.111016,0.316091,0.032961
NARFL,-0.957335,0.957335,-0.156629,0.156629,0.570290,0.000000,-0.458687,-0.234626,-0.158900,-2.023581,0.340079,1.459842,0.418313,0.052746
CD72,0.951366,0.951366,0.323129,0.323129,0.000000,0.000448,0.158659,0.146083,0.218388,1.055997,2.028311,6.232671,5.506632,0.160199
RAB11FIP3,0.947102,0.947102,0.090437,0.090437,0.550524,0.000000,0.205590,-0.170651,0.388447,1.982908,0.438092,2.640138,0.425659,0.068733
EIF3J,-0.942989,0.942989,-0.071578,0.071578,0.079723,0.000001,-0.162503,-0.306569,0.239774,-1.266177,0.438673,0.982362,2.253462,0.044022
TBC1D2B,-0.942285,0.942285,0.024309,0.024309,0.000000,0.000006,0.019493,-0.177369,-0.193725,-1.183859,1.242001,3.896676,0.847922,0.130335
C10orf104,0.937592,0.937592,0.098872,0.098872,0.000000,0.000448,0.055336,-0.054905,0.346931,1.041691,1.779454,3.424961,1.825953,0.093862
AGMAT,-0.936037,0.936037,-0.341738,0.341738,0.000000,0.000003,-0.071383,-0.492090,0.067670,-1.172822,4.767835,0.215697,5.924710,0.098294
CDC14A,-0.933419,0.933419,-0.064403,0.064403,1.170790,0.000000,-0.130889,-0.040158,-0.124188,-2.472413,0.490035,1.588024,0.587044,0.043548
ANO6,0.932585,0.932585,-0.001745,0.001745,0.000000,0.000053,-0.001469,-0.190382,-0.085646,1.045189,1.183327,1.284952,1.194338,0.044758
ZBTB24,0.932326,0.932326,0.190738,0.190738,0.000000,0.000155,0.254608,0.055555,-0.026566,1.046602,0.746085,1.964489,1.404542,0.056090
CLPB,0.926663,0.926663,0.051475,0.051475,0.000000,0.000000,1.014431,0.024903,0.757028,0.938642,0.050536,2.425204,0.110800,0.072132
FIZ1,0.925623,0.925623,-0.339969,0.339969,0.000000,0.001519,-0.134147,-0.006614,0.015969,1.001693,2.523951,5.413087,3.525548,0.089481
ZNF524,0.925623,0.925623,-0.339969,0.339969,0.000000,0.001519,-0.134147,-0.006614,0.015969,1.001693,2.523951,5.413087,3.525548,0.089481
ARID4A,0.922648,0.922648,0.123448,0.123448,0.139068,0.000000,1.514214,-0.092553,0.653126,0.377572,0.081193,2.179480,0.148142,0.277187
CUL3,-0.920497,0.920497,0.081293,0.081293,0.000000,0.000539,0.042197,-0.138263,0.011345,-1.045127,1.918635,2.409440,6.869393,0.129544
RNPEPL1,-0.919212,0.919212,0.080294,0.080294,0.000000,0.000080,0.090488,0.191803,-0.144577,-1.097787,0.883722,2.273140,1.637114,0.084854
PIK3R5,0.919102,0.919102,0.257593,0.257593,0.000000,0.000000,0.746009,0.437556,0.840959,1.217303,0.343885,1.809327,0.603308,0.331697
WT1,0.915499,0.915499,0.432659,0.432659,0.000000,0.000098,0.664556,0.901906,0.800912,1.153667,0.648393,0.894426,1.331076,0.487739
PPA1,-0.909738,0.909738,-0.128438,0.128438,0.000000,0.000009,-0.165511,-0.455696,0.007673,-1.194443,0.772842,0.585734,0.773088,0.097341
NCOA6,-0.907010,0.907010,0.031211,0.031211,0.000000,0.005033,0.025686,-0.168134,0.088012,-0.977792,1.210123,4.337300,8.480360,0.066874
TMEM126B,-0.905952,0.905952,-0.010195,0.010195,0.370001,0.000000,-0.022724,-0.523818,0.096563,-1.716492,0.446814,0.240113,3.941316,0.047766
DSTN,-0.905614,0.905614,0.046688,0.046688,0.000000,0.002187,0.020399,-0.103770,-0.024232,-0.968651,2.279407,2.067447,5.460516,0.065973
MTTP,0.897760,0.897760,0.014516,0.014516,0.000000,0.000001,0.013503,-0.229468,0.033394,1.319201,1.070598,3.375537,1.888077,0.260521
ZNF410,0.892076,0.892076,0.070218,0.070218,0.527786,0.000000,0.160883,-0.041939,0.488554,1.895795,0.434674,0.826293,1.116177,0.064396
BIRC2,-0.884951,0.884951,-0.163341,0.163341,0.354349,0.000000,-0.453245,-0.005768,0.007542,-1.719454,0.358911,1.736216,0.664422,0.084436
EIF4EBP2,0.882745,0.882745,0.070159,0.070159,0.000000,0.000000,0.740397,0.704832,1.103228,0.363618,0.094372,0.595870,0.084254,0.640933
PER2,0.878456,0.878456,0.086308,0.086308,0.029186,0.007733,0.371361,1.391652,0.155902,0.798450,0.231463,0.134673,1.462600,0.084771
SFRS4,-0.873507,0.873507,-0.063013,0.063013,0.030897,0.000009,-0.105673,-0.265564,0.031827,-1.155326,0.593872,0.573368,1.288144,0.065568
TP53BP2,-0.872926,0.872926,0.010767,0.010767,0.045958,0.000015,0.011066,-0.292398,0.306811,-1.140049,0.969042,1.131523,1.034675,0.062820
ZNF677,0.868391,0.868391,0.506289,0.506289,0.000000,0.005261,0.970409,0.649797,0.643936,0.862089,0.519598,2.441412,2.253694,0.874242
ERF,0.866468,0.866468,0.049706,0.049706,0.192037,0.001483,0.470876,0.167110,1.595567,0.645796,0.105129,0.875752,0.090189,0.177465
ATXN7L3,0.862039,0.862039,0.134270,0.134270,0.000000,0.000182,0.468082,-0.252058,0.176819,1.294404,0.285680,2.502669,1.754591,0.195225
VTN,-0.859576,0.859576,0.128323,0.128323,0.204021,0.000000,0.139176,-0.244997,-0.044521,-1.414249,0.918259,0.890073,0.957972,0.053597
SMCR7L,-0.851107,0.851107,-0.083801,0.083801,0.144977,0.000000,-0.389737,0.155470,-0.281902,-1.452813,0.214141,3.134973,0.439303,0.089532
POMP,-0.848806,0.848806,0.217101,0.217101,0.000000,0.000288,0.157603,0.050685,-0.101220,-1.042097,1.371894,0.748369,1.636904,0.080799
DDX6,0.846041,0.846041,0.117909,0.117909,0.101595,0.000000,0.323053,-0.055686,0.352038,1.349928,0.363494,1.570632,0.351772,0.081413
ZNF615,0.843126,0.843126,0.109591,0.109591,0.000000,0.000000,0.801381,-0.027194,0.278655,0.967452,0.136195,3.499571,0.582820,0.081594
DUSP10,0.839251,0.839251,0.085585,0.085585,0.536157,0.000000,0.828101,-0.291355,0.178933,1.782115,0.102929,0.957946,0.212328,0.033080
B2M,0.837768,0.837768,0.124134,0.124134,0.000000,0.000006,0.504113,-0.077946,0.021923,1.273965,0.245238,1.991584,0.877003,0.158583
FAM178A,0.837049,0.837049,0.050431,0.050431,0.010100,0.000000,0.618587,0.420345,1.187915,0.765046,0.081194,0.235735,0.061741,0.080372
SNX18,-0.836149,0.836149,-0.039350,0.039350,0.065797,0.000000,-0.495861,-0.356256,-0.639935,-1.259747,0.079033,1.145747,0.077733,0.037199
PLXNC1,0.835557,0.835557,0.145891,0.145891,0.000000,0.000012,0.414571,0.272609,0.406364,1.131676,0.350473,2.186348,0.732562,0.144833
CCDC6,0.834761,0.834761,0.062567,0.062567,0.000000,0.000098,0.851985,-0.311884,1.053428,0.758719,0.073138,0.659407,0.070865,0.048059
CSF1,-0.834026,0.834026,0.147486,0.147486,0.000000,0.009189,0.181350,-0.049856,0.058353,-0.948696,0.809951,2.951521,1.275242,0.051675
RRAS2,-0.832022,0.832022,-0.166434,0.166434,0.163669,0.000002,-0.134340,0.161281,0.132519,-1.394203,1.233845,1.492502,0.860294,0.111781
NSA2,-0.828240,0.828240,-0.056358,0.056358,0.301562,0.000000,-0.270565,-0.094217,-0.288800,-1.626349,0.207448,3.003472,0.312831,0.061925
UBIAD1,-0.826769,0.826769,-0.008039,0.008039,0.198863,0.000000,-0.011036,-0.504828,-0.055457,-1.432494,0.725446,0.092034,1.278554,0.042334
CCDC109A,-0.818277,0.818277,0.001327,0.001327,0.000000,0.001126,0.001128,0.256900,-0.004959,-0.945407,1.171361,1.276530,1.389071,0.059761
PACRG,-0.815596,0.815596,-0.116862,0.116862,0.000000,0.000103,-0.204463,-0.029925,-0.141419,-1.014810,0.569225,0.897803,0.626341,0.065854
NUP54,0.814895,0.814895,-0.060138,0.060138,0.000000,0.000927,-0.081905,0.152149,0.057321,1.079984,0.731234,0.890065,2.422307,0.116075
ASCC1,0.814592,0.814592,0.079019,0.079019,0.000000,0.000072,0.118458,-0.054905,0.311413,1.041691,0.664337,3.424961,0.450164,0.093862
BCL10,-0.813138,0.813138,-0.045668,0.045668,0.214763,0.000000,-0.106429,-0.028531,0.080215,-1.414042,0.427337,1.250329,1.415435,0.060356
ZNF789,0.810850,0.810850,0.074440,0.074440,0.000000,0.000006,0.316515,0.043319,0.423214,1.062324,0.234227,1.884827,0.388975,0.071558
STARD7,0.807197,0.807197,0.073930,0.073930,0.000000,0.000748,0.375840,0.123822,1.216961,0.823332,0.195904,1.633998,0.163189,0.147863
PTMS,0.806765,0.806765,0.120490,0.120490,0.000000,0.000000,0.502525,0.063237,1.098337,0.167701,0.238790,4.094937,0.125661,0.739100
ZNF691,-0.801448,0.801448,0.019961,0.019961,0.669284,0.000000,0.027187,0.020547,-0.035738,-1.936731,0.731230,1.255986,0.782795,0.065082
ARSK,0.795093,0.795093,-0.036306,0.036306,0.239124,0.000414,-0.055034,-0.071590,0.313834,1.458747,0.657007,1.127162,0.689717,0.076732
IL10RB,-0.793850,0.793850,-0.028298,0.028298,0.448931,0.000000,-0.087326,-0.340743,-0.131843,-1.760381,0.322724,0.393123,1.081915,0.063508
NOL7,-0.786846,0.786846,-0.030919,0.030919,0.020165,0.000135,-0.185976,-0.158546,-0.899443,-1.062020,0.165574,1.538907,0.072233,0.093572
DNAJC5,-0.784861,0.784861,0.003157,0.003157,0.088945,0.000000,0.006371,0.435478,-1.238003,-0.545099,0.493513,2.469556,0.087138,0.235916
C6orf1,0.784857,0.784857,0.108930,0.108930,0.000000,0.000000,0.529374,0.017454,0.973325,0.891922,0.204932,0.887922,0.143978,0.133510
C4orf10,-0.784312,0.784312,-0.003326,0.003326,0.000000,0.007492,-0.004572,-0.275752,-0.288239,-1.022791,0.724363,0.794675,1.062930,0.109238
LRRC16A,-0.783749,0.783749,-0.068986,0.068986,0.000000,0.000026,-0.114650,-0.222476,0.038573,-1.184657,0.599250,1.914936,0.924619,0.174382
UBE2CBP,-0.776100,0.776100,-0.151744,0.151744,0.060979,0.000002,-0.390012,-0.134024,-0.182395,-1.125985,0.387486,0.530244,0.373595,0.044627
C6orf217,-0.774857,0.774857,-0.097612,0.097612,0.000000,0.001311,-0.098006,0.107483,0.059910,-0.909925,0.991916,0.973220,0.951855,0.054773
CP110,0.772778,0.772778,0.073188,0.073188,0.019062,0.000021,0.229547,0.358557,0.509000,1.234992,0.317536,0.620829,0.217360,0.117812
KLHDC10,-0.771476,0.771476,0.026441,0.026441,0.293744,0.000000,0.050747,0.024144,-0.025368,-1.486137,0.518918,3.585638,0.666266,0.064655
ZNF131,0.769893,0.769893,0.121206,0.121206,0.000000,0.000006,0.464107,-0.292797,0.412363,1.063627,0.260093,2.166412,0.218799,0.089004
FMNL3,0.768433,0.768433,0.255049,0.255049,0.000000,0.008358,0.178801,-0.220169,0.101189,1.129687,1.420613,3.906674,1.623607,0.334783
NAF1,0.767105,0.767105,-0.146233,0.146233,0.000000,0.007696,-0.080948,0.200149,-0.074054,0.951109,1.799122,2.140316,1.109860,0.123149
DNMT1,0.763217,0.763217,0.054644,0.054644,0.000000,0.006838,0.650520,-0.168911,1.127341,0.602164,0.083657,1.385228,0.132425,0.220735
ZBTB7B,-0.761399,0.761399,-0.028363,0.028363,0.028611,0.000000,-0.709226,-0.346561,-0.432494,-1.086561,0.039828,1.127619,0.059309,0.038266
IKBKAP,-0.761367,0.761367,-0.028606,0.028606,0.099596,0.001105,-0.269142,-0.256661,-0.631240,-1.257460,0.105851,1.626545,0.140431,0.053974
LZTR1,0.760485,0.760485,0.164459,0.164459,0.007727,0.000018,0.276350,-0.390075,0.268760,1.131877,0.592683,1.152700,0.522036,0.128512
FLJ31306,0.759854,0.759854,0.144194,0.144194,0.017051,0.000000,1.207954,-0.119161,0.503115,0.302783,0.118883,1.853164,0.265286,0.221366
GBAP1,0.758518,0.758518,0.072654,0.072654,0.000000,0.001249,0.047134,-0.130202,-0.027531,0.970068,1.535131,3.945656,1.973127,0.194615
UBE2F,-0.757080,0.757080,-0.127937,0.127937,0.000000,0.002949,-0.150194,-0.041190,-0.183165,-0.905692,0.848340,2.076772,1.796624,0.107726
UPF3A,0.755525,0.755525,0.056264,0.056264,0.000000,0.000004,0.321172,-0.300097,0.863245,0.927483,0.174469,2.191527,0.130210,0.080205
PCID2,0.755430,0.755430,0.028244,0.028244,0.526737,0.005151,0.224442,0.002710,0.316495,1.825999,0.125328,1.304395,0.173416,0.051231
DAG1,0.752101,0.752101,-0.005283,0.005283,0.000000,0.002295,-0.005402,0.615404,-0.117849,0.964356,0.973997,0.385570,2.968475,0.148917
LRPAP1,0.747242,0.747242,0.101382,0.101382,0.375063,0.000000,0.229917,-0.233244,-0.025626,1.560210,0.439150,1.079143,0.921153,0.051499
C11orf24,-0.745921,0.745921,0.011443,0.011443,0.013462,0.000439,0.038288,-0.461987,-0.089042,-0.943677,0.297639,0.396638,2.922538,0.044078
C14orf181,0.745864,0.745864,-0.224127,0.224127,0.000000,0.006067,-0.082709,-0.288075,-0.058702,0.866893,2.698763,3.060047,6.863862,0.158805
PPP2R5C,0.744490,0.744490,0.074450,0.074450,0.069997,0.006816,0.330924,0.292756,1.380073,0.319975,0.224057,1.312753,0.154104,0.314866
RECQL5,0.744321,0.744321,0.117299,0.117299,0.024193,0.000000,1.159819,-0.179463,0.670673,0.384939,0.100723,0.876105,0.110220,0.180908
REPIN1,-0.744298,0.744298,-0.048227,0.048227,0.058584,0.000706,-0.066571,0.341090,0.039386,-0.990078,0.721484,0.749031,1.915705,0.035596
NUDC,0.741182,0.741182,0.080999,0.080999,0.000000,0.000354,0.093720,0.283700,0.144039,1.088980,0.860742,1.462221,0.802739,0.192264
STRADB,-0.740428,0.740428,-0.057999,0.057999,0.137855,0.000000,-0.454114,0.352186,-0.499587,-1.235457,0.127198,0.974760,0.159065,0.034427
AP4S1,0.737726,0.737726,0.133018,0.133018,0.000000,0.001839,0.236182,-0.149985,-0.114159,0.840438,0.560903,0.914818,1.667296,0.043238
CCDC136,0.736070,0.736070,0.076239,0.076239,0.000000,0.002495,0.098747,1.008338,0.261699,0.617456,0.768916,0.085350,1.225313,0.060087
PDIA4,-0.735730,0.735730,-0.067323,0.067323,0.138094,0.000000,-0.132184,0.302513,-0.346553,-1.277232,0.507237,1.180354,0.390594,0.082133
NASP,0.734634,0.734634,0.063927,0.063927,0.056321,0.000012,0.271739,-0.142815,0.279228,1.110746,0.234292,0.777674,1.041850,0.066606
PIGY,-0.734628,0.734628,-0.025486,0.025486,0.078129,0.000003,-0.111079,-0.157645,-0.500389,-1.192482,0.228508,2.410901,0.210808,0.070718
CPEB2,0.733218,0.733218,0.093661,0.093661,0.000000,0.000111,0.152323,0.551955,0.581924,0.929830,0.612379,2.320357,0.439960,0.143451
TOM1,0.732485,0.732485,0.132198,0.132198,0.000000,0.007663,0.133901,0.150470,-0.072415,0.812013,0.983255,1.179763,2.044171,0.053165
GPR63,0.731879,0.731879,0.179749,0.179749,0.000000,0.001126,0.217348,0.262217,0.171290,0.937594,0.823639,0.824335,0.950640,0.115301
ANXA4,-0.729869,0.729869,-0.024675,0.024675,0.280826,0.009284,-0.128240,-0.172341,-0.458103,-1.529015,0.191628,1.387866,0.100633,0.063639
LRRC58,-0.729102,0.729102,-0.060664,0.060664,0.046386,0.000000,-0.566145,-0.081126,-0.230578,-1.040751,0.106716,0.989378,0.166805,0.030977
SHMT1,0.726718,0.726718,0.032733,0.032733,0.223984,0.000473,0.059180,-0.038467,0.196984,1.411018,0.550841,1.249137,0.370153,0.077130
SDCBP2,-0.726348,0.726348,-0.077992,0.077992,0.000000,0.000000,-0.298513,-0.078930,-0.488121,-1.104384,0.260202,3.215898,0.264720,0.137694
PARK2,-0.726090,0.726090,-0.116862,0.116862,0.175005,0.000000,-0.204463,-0.065804,-0.172570,-1.320092,0.569225,0.497343,0.468972,0.058625
BTG3,-0.725423,0.725423,0.072922,0.072922,0.083539,0.000063,0.101250,0.049573,0.021103,-1.109252,0.717284,0.599197,1.856082,0.066847
TRAK2,-0.724760,0.724760,-0.057999,0.057999,0.199217,0.000011,-0.454114,0.482713,-0.487399,-1.296682,0.127198,0.921265,0.301212,0.040975
PLAGL1,-0.722693,0.722693,-0.067420,0.067420,0.074450,0.000048,-0.123980,0.099787,-1.213658,-0.365385,0.541580,5.162235,0.080238,0.100278
DHH,0.722679,0.722679,0.046136,0.046136,0.060851,0.000223,0.595405,-0.444004,0.199968,1.069992,0.077171,0.960485,0.485148,0.054086
ACP1,0.712828,0.712828,0.094611,0.094611,0.000000,0.008582,0.168618,-0.104511,0.276723,1.029934,0.558807,3.262019,0.886698,0.184765
VPS39,-0.712262,0.712262,-0.090854,0.090854,0.000000,0.000000,-0.428548,-0.109712,-0.852176,-0.409015,0.211138,6.248593,0.069827,0.538103
NAA50,0.712162,0.712162,0.034328,0.034328,0.171677,0.000000,0.121279,0.509160,0.267742,1.347809,0.281892,0.094750,0.457299,0.057694
C7orf36,-0.711972,0.711972,-0.045898,0.045898,0.476740,0.000000,-0.133780,-0.071904,-0.251027,-1.718009,0.341688,0.621171,0.257351,0.047957
GMPPA,0.710999,0.710999,0.043539,0.043539,0.441445,0.000000,0.476842,0.102848,0.305962,1.689424,0.090935,0.236359,0.095736,0.026461
CHCHD7,-0.710359,0.710359,-0.044593,0.044593,0.000000,0.003337,-0.069269,-0.187485,0.053287,-0.846184,0.641141,1.823134,1.142169,0.069465
CYP4V2,-0.706034,0.706034,-0.094294,0.094294,0.577967,0.000000,-0.228546,0.265943,0.240000,-1.738774,0.410898,1.449357,0.851329,0.057882
RHEB,0.705995,0.705995,0.139715,0.139715,0.000000,0.000265,0.058356,0.855407,-0.047315,0.613932,2.384401,0.155963,3.292228,0.201199
SEPHS2,0.705553,0.705553,0.049097,0.049097,0.000000,0.000000,0.496715,0.205140,0.521577,0.992342,0.098441,2.799904,0.076921,0.061124
EDARADD,0.704892,0.704892,0.159643,0.159643,0.000000,0.000000,1.076842,0.120933,0.146410,0.344357,0.147646,5.441005,0.722673,0.219961
SLC16A10,0.703374,0.703374,0.127054,0.127054,0.274414,0.000038,0.376723,-0.224689,0.150819,1.452994,0.335885,0.696013,0.603587,0.079028
ZSCAN18,0.702502,0.702502,0.897997,0.897997,0.000000,0.001551,0.843184,0.370297,0.710910,0.510793,1.060660,6.308301,3.161413,2.319972
GPR155,0.702404,0.702404,0.169160,0.169160,0.000000,0.000009,0.363503,-0.155851,0.368973,0.916482,0.463460,4.327012,0.492564,0.133256
UNKL,-0.700924,0.700924,-0.078227,0.078227,0.000000,0.000066,-0.329670,-0.537832,-0.023820,-0.991445,0.236321,0.400391,3.436221,0.133552
FGF14,0.700654,0.700654,0.368429,0.368429,0.000000,0.000000,0.977966,0.186165,0.231419,0.116484,0.375192,5.089275,2.561940,1.284250
FAM184A,-0.700243,0.700243,0.107227,0.107227,0.000000,0.006047,0.084921,0.357058,0.033466,-0.819818,1.257511,1.171266,1.601335,0.060231
PLEKHA9,0.700009,0.700009,-0.001745,0.001745,0.000000,0.006810,-0.001469,-0.305831,-0.125557,0.792689,1.183327,1.136073,2.510249,0.051288
SAP30BP,0.699498,0.699498,0.117299,0.117299,0.030608,0.004118,1.159819,-0.091631,0.435448,0.577495,0.100723,0.757106,0.100121,0.223096
PLAG1,-0.696753,0.696753,-0.044593,0.044593,0.207577,0.002360,-0.069269,-0.409328,0.145085,-1.288001,0.641141,0.442307,0.497794,0.041362
C11orf10,-0.694534,0.694534,-0.039572,0.039572,0.035126,0.000011,-0.116769,-0.107670,-0.325912,-1.129061,0.337512,1.370411,0.259753,0.099900
GFM2,-0.693842,0.693842,-0.056358,0.056358,0.175737,0.001483,-0.270565,-0.097483,-0.125206,-1.369445,0.207448,3.083560,0.279724,0.090659
OPRL1,0.693439,0.693439,0.054666,0.054666,0.000000,0.000000,0.656703,0.395183,0.813349,0.614561,0.082903,1.406851,0.081585,0.096828
HIST1H2AM,0.691527,0.691527,0.071287,0.071287,0.299315,0.000072,0.124872,-0.360679,0.153938,1.384270,0.568548,0.689318,1.764096,0.050949
HIST1H2BO,0.691527,0.691527,0.071287,0.071287,0.299315,0.000072,0.124872,-0.360679,0.153938,1.384270,0.568548,0.689318,1.764096,0.050949
SETX,0.690706,0.690706,0.090271,0.090271,0.036547,0.000498,0.175444,-0.338299,-0.002776,1.074111,0.512430,1.010166,0.935840,0.108967
ZNF574,0.689755,0.689755,0.200520,0.200520,0.000000,0.000193,0.494971,0.201107,0.159821,1.058189,0.403460,2.724387,0.324622,0.160565
C22orf28,-0.688167,0.688167,-0.045763,0.045763,0.000000,0.000000,-0.910364,-0.466777,-0.540072,-0.537156,0.050064,0.613944,0.055961,0.105508
CHRAC1,0.686472,0.686472,0.034003,0.034003,0.314808,0.000004,0.207182,-0.072291,0.614660,1.487822,0.163451,0.437634,0.122502,0.053668
SH3YL1,0.682614,0.682614,0.094611,0.094611,0.000000,0.003214,0.168618,-0.122799,0.465164,1.029024,0.558807,2.401350,0.500173,0.204981
ZNF219,0.682221,0.682221,0.028453,0.028453,0.297886,0.003942,0.227475,-0.056148,0.385537,1.510893,0.124572,1.051342,0.140888,0.062431
SELM,0.681814,0.681814,0.041667,0.041667,0.000000,0.000002,0.568157,-0.279702,0.866664,0.564242,0.073038,1.293471,0.065522,0.225371
ANXA6,0.681185,0.681185,0.050509,0.050509,0.000000,0.000000,0.591686,0.007450,0.931303,0.204910,0.085016,6.010232,0.064244,0.174561
SURF4,-0.677011,0.677011,-0.276365,0.276365,0.000000,0.000367,-0.318628,-0.173518,-0.166174,-0.989446,0.863817,2.458810,2.303337,0.371313
KIAA1324,0.673680,0.673680,0.098064,0.098064,0.046242,0.000000,1.079068,0.325668,0.427335,-0.133145,0.090507,1.055146,0.261562,0.390315
PRKRIR,-0.669933,0.669933,-0.149675,0.149675,0.000000,0.007248,-0.177914,-0.236664,0.386109,-0.818833,0.837844,3.449546,1.442329,0.103043
LOC100133985,0.669098,0.669098,0.078083,0.078083,0.000000,0.000014,0.499365,0.358738,0.363804,0.929769,0.155726,0.287580,0.644856,0.098642
ARL6IP1,0.666544,0.666544,0.054320,0.054320,0.005285,0.003123,0.400005,0.608487,-0.112289,0.952911,0.135245,0.320528,0.433672,0.069113
CD38,0.665035,0.665035,0.072029,0.072029,0.000000,0.001454,0.694096,0.416992,0.555285,0.719792,0.103351,0.674138,0.300149,0.121036
MON2,-0.664907,0.664907,-0.064453,0.064453,0.000000,0.000000,-0.372186,-0.083473,-0.871017,-0.161714,0.172468,4.865878,0.059801,0.308728
DOLK,0.662274,0.662274,0.123994,0.123994,0.000000,0.002732,0.176987,-0.181672,-0.127106,0.905439,0.697722,1.363890,1.215738,0.123836
CYB561D1,0.660945,0.660945,0.077224,0.077224,0.066037,0.000426,1.087403,-0.088330,0.507702,-0.123618,0.070727,1.168737,0.062138,0.530220
KLHDC8B,-0.659063,0.659063,-0.019176,0.019176,0.047831,0.000199,-0.075889,0.166844,-0.219493,-1.006137,0.251657,1.840111,0.464058,0.059178
PNRC1,0.658032,0.658032,0.057520,0.057520,0.000000,0.000448,0.310514,-0.063560,0.113624,0.854517,0.184486,0.410948,1.178383,0.047904
SLC22A4,-0.654359,0.654359,-0.062178,0.062178,0.000000,0.000001,-0.275770,-0.149731,-0.840133,-0.704400,0.224550,4.782751,0.116979,0.246015
ADSL,-0.653766,0.653766,-0.015277,0.015277,0.000000,0.007558,-0.454655,-0.152355,-0.871825,-0.716331,0.033464,2.242090,0.043068,0.056347
ZFP37,0.652201,0.652201,0.156220,0.156220,0.000000,0.000000,0.956462,0.016419,0.361092,0.378072,0.162665,3.021002,0.604986,0.232543
SLC25A42,0.648108,0.648108,0.093471,0.093471,0.195098,0.000000,1.285829,0.023395,0.060018,-0.001004,0.072396,3.580976,0.367025,0.358554
LOC100128640,0.646041,0.646041,0.089616,0.089616,0.000000,0.000000,0.280688,0.462281,0.859363,-0.006751,0.317969,2.216649,0.101090,0.743252
CD82,0.645604,0.645604,0.105338,0.105338,0.000000,0.006711,0.575146,-0.192723,0.485343,1.027376,0.182402,1.590286,0.244274,0.243243
FDX1,-0.642894,0.642894,-0.037002,0.037002,0.000000,0.000376,-0.102946,0.065690,-0.634561,-0.982568,0.357967,2.615095,0.226361,0.187029
COQ10A,-0.640675,0.640675,-0.096407,0.096407,0.000000,0.000230,-0.388623,-0.337004,-0.190840,-0.831993,0.247060,1.193377,0.292431,0.068014
MRS2,-0.638220,0.638220,-0.018762,0.018762,0.428603,0.003337,-0.290152,0.212788,-0.477110,-1.673623,0.064398,0.565985,0.042541,0.115311
SLC46A3,0.635356,0.635356,0.651124,0.651124,0.000000,0.008058,0.684866,0.288958,0.574520,0.664082,0.946851,5.859628,2.996909,1.058983
PSMD12,-0.634087,0.634087,-0.244036,0.244036,0.000000,0.000061,-0.418895,-0.029941,-0.060603,-1.003860,0.580193,0.965280,0.854830,0.221733
SNORD104,0.632516,0.632516,0.036189,0.036189,0.059305,0.000000,1.024052,0.030253,0.346476,0.434427,0.035195,0.596942,0.075815,0.119381
WBSCR22,0.631880,0.631880,-0.030142,0.030142,0.000000,0.005383,-0.059152,-0.035321,0.254041,0.844083,0.507481,2.180961,0.556212,0.090417
ZDBF2,0.631478,0.631478,0.237660,0.237660,0.000000,0.000000,0.738693,0.123410,0.412362,0.776686,0.320417,1.009268,0.707172,0.303378
BDP1,-0.631477,0.631477,-0.088919,0.088919,0.240767,0.000002,-0.239158,0.136271,0.079366,-1.326878,0.370282,1.224460,0.410460,0.067265
ING3,0.628410,0.628410,0.030440,0.030440,0.601199,0.000017,0.087230,-0.288266,0.480580,1.704047,0.347542,0.380633,0.229683,0.038309
TMEM127,0.627284,0.627284,0.074198,0.074198,0.155929,0.000003,0.276625,-0.260206,0.321322,1.167748,0.267132,0.594669,0.296031,0.045122
C3orf18,-0.627122,0.627122,0.011235,0.011235,0.000000,0.000757,0.025441,-0.005510,-0.829120,-0.323390,0.439794,2.816496,0.100451,0.991253
SNRPE,0.626639,0.626639,0.050329,0.050329,0.000000,0.000058,0.496634,-0.209825,0.719127,0.798421,0.100926,0.727120,0.074324,0.143860
S100PBP,0.622384,0.622384,0.051954,0.051954,0.000000,0.005663,0.209330,-0.048076,-0.021211,0.791005,0.247180,2.615241,0.341005,0.044202
TTLL3,0.621122,0.621122,0.075128,0.075128,0.000000,0.000000,0.731921,0.289370,0.778593,-0.084203,0.102227,1.178422,0.092622,0.281851
NCRNA00219,0.620616,0.620616,0.063014,0.063014,0.000000,0.009487,0.898312,-0.307447,0.599218,0.509731,0.069861,0.646568,0.063945,0.050289
SNORA13,0.620616,0.620616,0.063014,0.063014,0.000000,0.009487,0.898312,-0.307447,0.599218,0.509731,0.069861,0.646568,0.063945,0.050289
PCNXL3,-0.619360,0.619360,-0.081501,0.081501,0.000000,0.000121,-0.103347,0.010980,-0.451706,-0.836361,0.785398,1.876918,0.517909,0.164824
COQ2,-0.617749,0.617749,-0.027537,0.027537,0.496616,0.000000,-0.054314,-0.057202,-0.047667,-1.636161,0.504925,0.329305,0.375407,0.040802
APBB1,0.615893,0.615893,0.113930,0.113930,0.000000,0.000004,0.621647,0.272231,0.426032,0.711287,0.182523,1.397262,0.620924,0.183379
DCI,-0.613530,0.613530,-0.065148,0.065148,0.269684,0.000000,-0.091185,0.112537,0.073502,-1.326703,0.711550,0.917136,0.388401,0.056249
C20orf201,0.613469,0.613469,0.204010,0.204010,0.000000,0.000001,0.744118,0.202041,0.289983,0.427238,0.273045,10.189310,1.022977,1.527893
C9orf89,0.613108,0.613108,0.113086,0.113086,0.000000,0.000551,0.229264,0.551707,0.637954,0.777293,0.491245,0.140251,0.329308,0.143554
HSPB6,0.610594,0.610594,0.049638,0.049638,0.000000,0.000000,0.821199,0.050562,0.506496,-0.008239,0.060199,1.802107,0.058292,0.441422
MED26,-0.609388,0.609388,0.029718,0.029718,1.086178,0.000531,0.152653,-0.119277,0.079576,-2.151361,0.193881,1.866639,0.104316,0.064531
GBAS,-0.609051,0.609051,-0.092241,0.092241,0.000000,0.000009,-0.582806,-0.347336,-0.306203,-0.812164,0.157624,0.881498,0.277776,0.130732
PRKAG1,0.607384,0.607384,0.023603,0.023603,0.000000,0.002622,0.582316,0.096475,0.689039,0.528745,0.040367,4.190993,0.067799,0.170408
ABCF3,0.607309,0.607309,0.183528,0.183528,0.000000,0.000000,0.791675,0.214783,0.579179,0.139049,0.230877,2.476132,0.211787,0.923222
C18orf32,0.605533,0.605533,0.052532,0.052532,0.000000,0.005942,0.172631,0.392095,0.814703,0.295770,0.303062,1.152685,0.095045,0.527557
ERGIC1,0.599708,0.599708,0.035928,0.035928,0.050124,0.000000,0.162043,0.172424,1.088681,0.432313,0.220815,0.340320,0.090703,0.169429
L2HGDH,0.599306,0.599306,0.044022,0.044022,0.000000,0.009919,0.065383,-0.139276,0.308343,0.761898,0.670552,2.329454,0.630931,0.103267
REXO1,-0.599295,0.599295,-0.003571,0.003571,0.122393,0.002241,-0.009969,0.205163,-0.166852,-1.151761,0.356740,1.712403,0.303236,0.083410
HIST1H3B,0.597399,0.597399,0.036458,0.036458,0.146107,0.000211,0.108883,0.080627,0.231547,1.259480,0.333467,0.428762,0.343411,0.102333
NCDN,-0.593835,0.593835,-0.053962,0.053962,0.164788,0.000000,-0.438660,0.148875,-0.222455,-1.229216,0.122514,0.500293,0.196784,0.071945
ACADSB,0.592617,0.592617,0.093671,0.093671,0.000000,0.000288,0.273445,0.311072,0.299905,1.022540,0.341161,0.421356,0.353099,0.176726
CLN6,0.590888,0.590888,0.042891,0.042891,0.000000,0.000157,0.196371,-0.259868,0.763125,0.577395,0.217529,1.638728,0.068983,0.082273
DNAJB1,0.590705,0.590705,0.067770,0.067770,0.000000,0.000014,0.441052,0.451144,0.834283,0.447159,0.153028,0.746989,0.148304,0.300529
S100A10,0.589034,0.589034,0.049072,0.049072,0.000720,0.001311,0.892925,0.237820,0.336027,0.440725,0.054732,1.145224,0.056913,0.188486
PHF11,0.588431,0.588431,0.106751,0.106751,0.000000,0.000016,0.487239,-0.140440,0.466408,0.815058,0.218200,0.875785,0.235814,0.124969
CTSL1,0.587700,0.587700,0.312265,0.312265,0.000000,0.000069,0.702454,-0.008558,0.359499,0.686999,0.442721,1.470183,0.668933,0.203688
ARPM1,-0.587322,0.587322,-0.130072,0.130072,0.000000,0.005785,-0.086804,-0.524052,-0.152052,-0.818017,1.492344,1.385583,1.159071,0.304915
CEP164,-0.583966,0.583966,0.028644,0.028644,0.119089,0.000176,0.081396,0.077429,0.136949,-1.019710,0.350471,1.447142,0.734882,0.043291
CREB3L2,0.582125,0.582125,0.047017,0.047017,0.000000,0.000001,0.664024,-0.014062,0.208962,0.600127,0.070518,3.028190,0.316351,0.083702
RAI1,0.581673,0.581673,0.051371,0.051371,0.000000,0.000001,0.792373,0.292358,0.440411,0.217398,0.064568,1.145700,0.117197,0.201774
EID2B,-0.576857,0.576857,-0.088476,0.088476,0.000000,0.000007,-0.792775,-0.053970,-0.312889,-0.522060,0.111148,0.881080,0.229906,0.272611
DMC1,-0.576408,0.576408,-0.088590,0.088590,0.000000,0.000006,-0.765217,0.055321,-0.316403,-0.044456,0.115299,3.202949,0.230531,1.702375
IMPA2,0.575074,0.575074,0.113693,0.113693,0.000000,0.000000,0.420248,-0.292586,0.652149,0.624682,0.269434,3.290242,0.185681,0.117207
SEPW1,0.574686,0.574686,0.082284,0.082284,0.000000,0.000003,0.763572,0.101611,0.312311,0.067449,0.107322,1.865657,0.370813,0.634949
CLCF1,0.573290,0.573290,0.053828,0.053828,0.000000,0.001876,0.064163,-0.072293,0.252697,0.828070,0.835500,9.259999,0.395400,0.171006
ZNF215,0.572981,0.572981,0.197226,0.197226,0.000000,0.000211,0.575522,0.396311,0.225088,0.676215,0.341292,1.601142,2.696672,0.445158
CCDC104,-0.570149,0.570149,-0.035104,0.035104,0.000000,0.000048,-0.277209,-0.368879,-0.318786,-0.905962,0.126117,1.481829,0.132928,0.077206
PRPF18,0.568599,0.568599,0.097010,0.097010,0.092069,0.000391,0.091818,-0.079210,-0.046419,1.044431,1.052231,0.222802,2.210802,0.081522
PDAP1,0.567519,0.567519,0.114217,0.114217,0.000000,0.000128,0.552783,-0.058138,0.310648,0.698340,0.205778,1.239243,0.363722,0.101988
SMAD5,0.566034,0.566034,0.024874,0.024874,0.000000,0.000000,0.646203,-0.104371,0.485896,0.414737,0.038336,2.634086,0.061014,0.289145
INF2,-0.565952,0.565952,-0.109477,0.109477,0.162706,0.000009,-0.300818,-0.153952,0.190742,-1.114787,0.362448,1.076669,0.272555,0.050369
ARRB1,0.565294,0.565294,0.169693,0.169693,0.000000,0.000010,0.607244,0.232437,0.287488,0.810674,0.278307,0.541878,2.005852,0.407588
CDC42SE1,0.565026,0.565026,0.071764,0.071764,0.000000,0.000000,0.474449,0.326207,0.577648,0.708940,0.150639,0.125264,0.090367,0.060771
ING2,0.561006,0.561006,0.084228,0.084228,0.000000,0.003063,0.574710,-0.119698,0.311006,0.879926,0.145959,0.473616,0.100240,0.083109
TWSG1,0.558021,0.558021,0.021971,0.021971,0.000000,0.001511,0.529762,0.299943,0.622796,0.572239,0.041303,1.406460,0.090919,0.091596
URGCP,-0.557472,0.557472,-0.041261,0.041261,0.000000,0.007965,-0.177021,-0.298267,0.067954,-0.800155,0.232136,0.910785,0.452555,0.073418
DNTTIP2,-0.553929,0.553929,-0.110328,0.110328,0.000000,0.004074,-0.305242,0.379379,-0.289445,-1.026806,0.359969,1.427266,0.422364,0.239921
POLR2G,0.553384,0.553384,0.036569,0.036569,0.000000,0.000019,0.693382,-0.094737,0.224357,0.526592,0.052525,1.413810,0.155938,0.276425
ARID5B,0.552470,0.552470,0.065250,0.065250,0.000000,0.008349,0.491571,0.512468,0.890953,-0.159316,0.132196,0.324107,0.338980,1.717468
PSMC6,-0.551849,0.551849,-0.023126,0.023126,0.069134,0.000000,-0.287460,0.166645,-0.875417,-0.688158,0.080122,0.278069,0.047095,0.059842
NUTF2,0.551768,0.551768,0.030658,0.030658,0.000000,0.000046,0.487800,0.032423,0.547474,0.783963,0.062594,2.003857,0.050865,0.170036
FIS1,-0.547021,0.547021,-0.017787,0.017787,0.015296,0.005871,-0.087476,-0.024533,-0.247449,-0.920987,0.202501,1.851997,0.188418,0.081578
PRELID1,0.546955,0.546955,0.210753,0.210753,0.000000,0.003774,0.482903,-0.073261,0.047513,0.902199,0.434648,3.850812,1.503105,0.554464
C21orf57,0.546318,0.546318,0.035109,0.035109,0.000000,0.000000,0.591987,-0.346247,0.644230,0.345494,0.059066,1.185837,0.049839,0.101168
MAEA,0.545505,0.545505,0.158521,0.158521,0.000000,0.000007,0.674782,0.421781,0.602652,0.144361,0.233963,0.995671,0.497660,0.738587
CCDC64,0.545001,0.545001,0.137924,0.137924,0.000000,0.005261,0.434903,-0.070247,0.116611,0.721719,0.315843,1.208529,0.613369,0.113565
PDE4DIP,0.543649,0.543649,0.133113,0.133113,0.000000,0.000131,0.602861,-0.017564,0.898360,0.078937,0.219901,2.588268,0.278360,0.350270
BUD31,0.538632,0.538632,0.114217,0.114217,0.000000,0.000034,0.552783,-0.054793,0.456393,0.629112,0.205778,1.405526,0.185247,0.113473
WASH2P,0.537910,0.537910,0.097667,0.097667,0.000000,0.000060,0.526396,-0.076346,0.801638,0.345489,0.184783,4.004923,0.209912,0.184898
IARS2,0.535830,0.535830,-0.033804,0.033804,0.424378,0.000000,-0.073945,0.040352,-0.093429,1.459560,0.455287,0.117658,1.103205,0.033089
PTGER2,0.535264,0.535264,0.177059,0.177059,0.000000,0.000002,0.651358,0.279447,0.428367,0.401541,0.270721,4.919057,0.717688,0.586813
EI24,0.534927,0.534927,0.150348,0.150348,0.000000,0.007699,0.447302,0.140554,0.770157,-0.054313,0.334750,5.358183,0.375292,2.021892
SLC16A14,0.533415,0.533415,0.059974,0.059974,0.000000,0.000017,0.537206,-0.121089,0.398877,0.661329,0.111185,8.445120,0.131593,0.120018
FAM115A,0.532893,0.532893,0.039780,0.039780,0.000000,0.001606,0.602204,-0.264514,0.725967,-0.064458,0.065787,1.683069,0.090038,0.219279
BCL2L1,-0.532728,0.532728,-0.049074,0.049074,0.000000,0.001977,-0.355187,0.512913,-0.702323,-0.537026,0.137600,1.374494,0.083392,0.248350
SAP130,0.531814,0.531814,0.082876,0.082876,0.000000,0.000033,0.583904,0.641150,0.696660,0.099466,0.141354,0.544172,0.134180,0.240463
FAM46A,0.529709,0.529709,0.128015,0.128015,0.000000,0.007314,0.412515,0.121216,0.500698,0.616327,0.309061,0.760690,0.211470,0.082229
GDF9,-0.526791,0.526791,0.043339,0.043339,0.000000,0.009871,0.072487,-0.632511,-0.045235,-0.592889,0.595449,0.147721,1.484831,0.107463
TNKS1BP1,-0.526011,0.526011,-0.052909,0.052909,0.000000,0.000000,-0.265751,-0.013429,-0.718805,-0.543035,0.198282,0.945246,0.106313,0.411155
ESRRA,0.523770,0.523770,0.010007,0.010007,0.000000,0.003115,0.040678,0.171604,0.774792,0.534649,0.245002,1.483483,0.117927,0.135067
HPSE2,0.520542,0.520542,0.033039,0.033039,0.000000,0.003344,0.208133,-0.228169,0.245050,0.807501,0.158092,3.905619,0.192469,0.079729
RELA,0.512637,0.512637,-0.010783,0.010783,0.096983,0.001190,-0.033122,0.188101,0.015718,0.980280,0.324225,2.424366,0.205424,0.055462
HIST1H2BB,0.509620,0.509620,0.112137,0.112137,0.000000,0.000874,0.510977,0.451785,0.211775,0.585933,0.218560,3.024540,1.020124,0.250304
TACC3,0.509087,0.509087,0.120443,0.120443,0.000000,0.000251,0.641987,0.075467,0.254150,-0.057610,0.186844,6.699769,0.723865,1.925031
ANKRD54,0.508109,0.508109,0.015157,0.015157,0.000000,0.000049,0.569777,0.261436,0.339633,0.521449,0.026492,1.325855,0.070204,0.051697
ZNF420,0.507091,0.507091,0.095651,0.095651,0.000000,0.000020,0.610312,0.106781,0.338473,0.434480,0.156085,3.265450,0.655744,0.257869
ARID4B,0.504949,0.504949,0.106513,0.106513,0.000000,0.000896,0.458762,0.018956,0.578447,0.426256,0.231227,3.917078,0.151172,0.484660
FAM102B,0.504772,0.504772,0.034985,0.034985,0.030693,0.002749,0.260685,-0.413494,0.008315,0.805119,0.133656,0.599243,0.922401,0.056018
TEP1,-0.504765,0.504765,-0.038043,0.038043,0.000000,0.004695,-0.214730,-0.045860,-0.527048,-0.870803,0.176445,0.644798,0.209638,0.162743
IP6K1,0.502023,0.502023,0.090869,0.090869,0.000000,0.006891,0.199512,0.194723,0.470803,0.660610,0.453598,0.634550,0.414668,0.129302
SKIL,0.501929,0.501929,0.222174,0.222174,0.000000,0.009403,0.432483,0.173210,0.099112,0.638608,0.511619,4.103483,0.519999,0.137992
RAD51AP1,-0.501919,0.501919,-0.062279,0.062279,0.000000,0.007046,-0.155314,-0.413576,-0.322120,-0.650179,0.399350,0.940003,0.562643,0.115696
FLJ45983,0.498253,0.498253,0.054281,0.054281,0.000000,0.003652,0.354430,0.554228,0.152720,0.610302,0.152525,0.371192,0.330571,0.060982
SEC16A,0.495170,0.495170,0.035709,0.035709,0.000000,0.000473,0.225726,-0.336004,0.371409,0.688257,0.157550,1.687651,0.169688,0.065853
SLC9A1,0.494675,0.494675,0.072297,0.072297,0.000000,0.000107,0.505070,0.164131,0.646968,-0.029225,0.142557,2.459610,0.154135,0.565413
ARPP19,0.494648,0.494648,0.083301,0.083301,0.000000,0.002949,0.351273,-0.411809,0.114099,0.708777,0.236171,2.415493,0.511813,0.124070
C7orf26,0.494341,0.494341,0.152623,0.152623,0.000000,0.002338,0.682104,-0.171520,0.572042,-0.076548,0.222840,2.599440,0.142451,0.504368
REC8,0.493920,0.493920,0.160197,0.160197,0.000000,0.000267,0.198256,0.425688,0.422837,0.697824,0.804735,1.916584,0.973096,0.428320
FKBP11,0.493214,0.493214,0.104020,0.104020,0.000000,0.002241,0.350569,0.209521,0.209305,0.675736,0.295505,1.683446,0.374853,0.129575
FBXL14,-0.490731,0.490731,-0.091991,0.091991,0.000000,0.000000,-0.235353,0.113723,-0.789593,-0.291734,0.389267,1.109758,0.097161,0.106120
EIF3A,0.489934,0.489934,0.077068,0.077068,0.160848,0.000075,0.133617,-0.363788,0.045559,1.026921,0.574426,0.526567,0.358312,0.047086
PRPF40B,-0.487429,0.487429,-0.071085,0.071085,0.000000,0.000035,-0.351550,-0.268010,-0.452675,-0.581083,0.201378,1.075901,0.225355,0.090670
SLC25A35,-0.487232,0.487232,-0.026777,0.026777,0.000000,0.003581,-0.291184,-0.156272,-0.182000,-0.812495,0.091585,0.932787,0.205810,0.081755
GFOD2,0.486330,0.486330,0.051413,0.051413,0.000000,0.000038,0.639645,-0.087567,0.054324,0.502601,0.080049,1.608867,0.250397,0.097580
ABHD3,0.484037,0.484037,0.083322,0.083322,0.000000,0.000021,0.640141,0.025016,0.415734,0.441713,0.129630,2.107999,0.133333,0.089257
GOLPH3,0.483334,0.483334,0.030394,0.030394,0.000000,0.005413,0.175056,-0.418243,0.352230,0.695560,0.172915,1.136282,0.153576,0.061875
SNX13,-0.482511,0.482511,-0.050667,0.050667,0.000000,0.003010,-0.414710,-0.648425,-0.396120,-0.461202,0.121675,0.098240,0.140965,0.041076
C12orf4,-0.482020,0.482020,-0.062279,0.062279,0.000000,0.000664,-0.155314,-0.335431,-0.427789,-0.684187,0.399350,1.490389,0.341140,0.187988
EIF3K,-0.480816,0.480816,-0.124145,0.124145,0.000000,0.000782,-0.385142,-0.253627,-0.805163,-0.301232,0.321019,1.411250,0.304905,0.296958
VPS26B,-0.480446,0.480446,0.021756,0.021756,0.073180,0.001117,0.101970,-0.300338,-0.111948,-0.836561,0.212481,0.688475,0.205052,0.025748
IKZF5,0.480262,0.480262,0.093671,0.093671,0.000000,0.003494,0.273445,0.256426,0.258366,0.812802,0.341161,0.431101,0.314991,0.181728
DAZAP1,-0.475332,0.475332,0.081189,0.081189,0.044340,0.009394,0.079486,0.009187,-0.069632,-0.803339,1.017254,0.125611,1.295553,0.044881
MAGIX,0.474608,0.474608,0.027011,0.027011,0.000000,0.002376,0.171931,0.513548,0.749224,0.371331,0.156461,0.097936,0.132334,0.191868
PPP1R12C,-0.473592,0.473592,-0.079449,0.079449,0.000000,0.005339,-0.583212,-0.007939,-0.688010,-0.289740,0.135671,1.224615,0.185622,0.116152
TMEM147,0.472833,0.472833,0.031519,0.031519,0.000000,0.000028,0.283615,-0.332335,0.654782,0.490657,0.110678,1.418769,0.085270,0.124350
C14orf43,-0.472815,0.472815,-0.067805,0.067805,0.000000,0.002336,-0.441563,-0.203086,-0.436152,-0.525960,0.152930,2.294703,0.369689,0.126217
ADORA3,0.471317,0.471317,0.258498,0.258498,0.000000,0.002377,0.371340,0.543356,0.402762,0.535071,0.693282,1.330863,1.449154,0.464055
EPS15,0.471180,0.471180,0.217771,0.217771,0.000000,0.000105,0.693878,-0.053029,0.444108,0.319402,0.312565,1.465378,0.262255,0.603408
NRL,0.468934,0.468934,0.116832,0.116832,0.000000,0.000309,0.653140,0.265505,0.073583,-0.135599,0.178148,4.855160,1.216739,0.906102
TNFAIP8L1,0.468771,0.468771,0.042349,0.042349,0.000000,0.004184,0.202697,0.060827,0.792919,0.162011,0.208076,2.737845,0.160981,0.523623
C1orf194,0.467555,0.467555,0.098064,0.098064,0.199382,0.000000,1.079068,0.503804,0.451538,-0.337170,0.090507,0.526645,0.228876,0.179848
CTSD,0.464147,0.464147,0.086300,0.086300,0.000000,0.000028,0.261983,0.068217,0.617132,0.426772,0.328066,3.527404,0.152334,0.135520
PPP1R3E,-0.464069,0.464069,-0.040151,0.040151,0.083144,0.006838,-0.104226,-0.147253,0.097585,-0.895749,0.383663,4.592086,0.155367,0.052033
C11orf61,-0.462941,0.462941,-0.075637,0.075637,0.000000,0.000260,-0.168221,0.023621,-0.482352,-0.557029,0.447794,2.696757,0.135862,0.135239
ZFYVE21,0.462620,0.462620,0.042087,0.042087,0.015923,0.000001,0.796761,0.112220,0.310426,0.087132,0.052607,0.438735,0.061191,0.160234
L3MBTL2,0.462519,0.462519,0.111502,0.111502,0.000000,0.000010,0.738132,0.233764,0.161134,0.399083,0.150443,1.895108,0.209023,0.235454
KIAA0319L,-0.461179,0.461179,-0.053962,0.053962,0.000000,0.009284,-0.438660,0.106320,-0.020741,-0.672126,0.122514,1.562998,0.686916,0.177554
CEP152,-0.457367,0.457367,-0.016451,0.016451,0.000000,0.001149,-0.325819,0.066948,-0.694164,-0.094582,0.050284,0.598926,0.041431,0.163124
TLE3,0.455508,0.455508,0.028406,0.028406,0.000000,0.006707,0.470907,0.030398,0.586570,-0.208633,0.060076,2.482359,0.123505,0.579402
ACVR2B,0.453810,0.453810,0.121771,0.121771,0.000000,0.002822,0.230052,0.462281,0.554598,-0.006751,0.527158,2.216649,0.096884,0.743252
RAD51,0.452117,0.452117,0.087620,0.087620,0.000000,0.000190,0.618410,0.248038,0.347966,0.278418,0.141107,0.757412,0.240730,0.364611
IFIT5,0.451212,0.451212,0.155841,0.155841,0.000000,0.003284,0.629479,-0.026678,0.323116,-0.157015,0.246560,23.922760,0.254310,3.051202
ENO2,0.450960,0.450960,0.134869,0.134869,0.000000,0.003010,0.446107,0.315626,0.170446,0.730020,0.301090,0.717001,0.291132,0.238840
ZNF438,0.447644,0.447644,0.183801,0.183801,0.000000,0.002658,0.406295,0.108045,0.550172,0.486410,0.450538,1.125630,0.400272,0.282278
ROPN1L,0.446053,0.446053,0.225424,0.225424,0.000000,0.000483,0.775873,0.196479,0.358577,0.193742,0.289356,2.497371,0.326944,0.326679
LUC7L3,0.445617,0.445617,0.107657,0.107657,0.000000,0.007549,0.488049,0.467002,0.484948,-0.066273,0.219685,3.445408,0.448234,1.782922
PRDM5,0.443888,0.443888,0.118425,0.118425,0.000000,0.000705,0.574637,-0.177128,0.429903,0.023939,0.205245,2.550838,0.565659,1.138518
DGAT2,-0.441077,0.441077,-0.046280,0.046280,0.000000,0.001528,-0.179027,0.262820,-0.645020,-0.069556,0.257451,1.400915,0.088503,0.473854
TPD52L2,0.437635,0.437635,0.156172,0.156172,0.000000,0.000402,0.604754,0.285766,0.428534,0.110295,0.257186,1.060991,0.858280,0.659886
CCDC150,-0.437505,0.437505,-0.055749,0.055749,0.000000,0.008058,-0.203539,-0.645694,-0.274198,-0.630346,0.272782,1.100237,0.406336,0.180161
NDUFB7,-0.436426,0.436426,-0.045892,0.045892,0.000000,0.001441,-0.276627,-0.388421,-0.567869,-0.502497,0.165220,0.746569,0.207395,0.166128
ZNF627,0.434334,0.434334,0.065116,0.065116,0.000000,0.006518,0.529765,0.115808,0.256487,0.030745,0.122413,2.952507,0.658845,1.004548
TRAF4,-0.434222,0.434222,-0.113781,0.113781,0.000000,0.000025,-0.636439,-0.081503,-0.404955,-0.292939,0.178048,1.231251,0.177609,0.206407
SGSM2,-0.433939,0.433939,-0.128621,0.128621,0.000000,0.003071,-0.739705,0.119152,0.006506,-0.280418,0.173172,1.965062,0.377445,0.483830
TSR1,-0.433358,0.433358,-0.128621,0.128621,0.000000,0.003650,-0.739705,0.083586,-0.114839,-0.228336,0.173172,2.821151,0.241389,0.769978
RFX3,0.432359,0.432359,0.233022,0.233022,0.000000,0.000467,0.613857,-0.116880,0.264307,0.142982,0.378054,7.847355,0.524687,3.222292
LOC100306951,0.431343,0.431343,0.133412,0.133412,0.000000,0.005513,0.397990,0.153395,0.422465,0.473196,0.333847,2.918895,0.549805,0.198093
FBXO30,-0.429786,0.429786,-0.180550,0.180550,0.000000,0.000003,-0.467724,0.023409,-0.550589,-0.223420,0.384443,8.981311,0.256681,0.397734
ERP44,0.427595,0.427595,0.035604,0.035604,0.000000,0.000211,0.591350,-0.263891,0.195391,0.499133,0.059963,1.418649,0.070698,0.068727
ZNF546,0.426898,0.426898,0.195168,0.195168,0.000000,0.000109,0.665248,0.053241,0.055326,0.337676,0.292179,1.693853,0.970100,0.420567
SPAG9,0.425620,0.425620,0.082786,0.082786,0.000000,0.000369,0.351758,-0.048149,0.521753,-0.130894,0.234389,2.404988,0.096104,1.139979
NDUFS4,0.421573,0.421573,0.183278,0.183278,0.000000,0.001126,0.569246,0.030395,0.466876,0.294978,0.320652,2.831787,0.189312,0.225374
ADPGK,0.419973,0.419973,0.036087,0.036087,0.000000,0.002620,0.486581,0.056081,0.233607,0.406617,0.073861,1.768338,0.324490,0.109752
PPP1R9B,-0.419878,0.419878,-0.042103,0.042103,0.000000,0.001756,-0.287034,0.196923,-0.329683,-0.583649,0.146085,2.018456,0.185057,0.096204
HIST1H3J,0.419437,0.419437,0.122461,0.122461,0.000000,0.000206,0.644638,0.141912,0.358441,0.194487,0.189193,1.861595,0.533778,0.242672
ZNF396,-0.418555,0.418555,-0.215204,0.215204,0.000000,0.005785,-0.397253,0.054458,-0.242157,-0.693551,0.539520,1.609818,0.472766,0.389273
SVIP,0.417970,0.417970,0.212881,0.212881,0.000000,0.003306,0.547396,0.247731,0.342490,0.381106,0.387310,2.095591,0.773934,0.237214
NT5DC3,-0.417481,0.417481,-0.050769,0.050769,0.000000,0.003662,-0.393521,-0.124452,-0.288547,-0.565001,0.128486,0.960952,0.163461,0.115234
C7orf20,0.417179,0.417179,0.101345,0.101345,0.000000,0.003071,0.536429,-0.099068,-0.030812,0.455002,0.188155,3.182193,0.612931,0.145841
C20orf96,0.415339,0.415339,0.077971,0.077971,0.000000,0.008977,0.438269,-0.072411,0.409170,0.435783,0.177180,3.880480,0.180728,0.672175
C22orf41,-0.415260,0.415260,-0.130397,0.130397,0.000000,0.000004,-0.338107,-0.156975,-0.627056,-0.089363,0.384093,4.341880,0.279787,0.656216
NPHP1,0.413732,0.413732,0.034141,0.034141,0.000000,0.009284,0.513075,0.088250,-0.111730,-0.245784,0.066270,3.287829,0.947498,0.780044
EDC3,0.410963,0.410963,0.051298,0.051298,0.000000,0.007128,0.444003,0.283040,0.400119,0.305667,0.115064,1.835610,0.138782,0.755781
CCDC117,-0.404285,0.404285,-0.202254,0.202254,0.000000,0.000618,-0.606044,0.002024,-0.331578,0.221122,0.332366,3.670141,0.673722,1.610153
RBCK1,0.398038,0.398038,0.095786,0.095786,0.000000,0.002241,0.497578,0.162077,0.282358,0.260726,0.191718,2.448520,0.554760,0.640731
KIAA0913,-0.397811,0.397811,-0.051360,0.051360,0.000000,0.000847,-0.158872,-0.032439,-0.432375,-0.578699,0.321961,1.440291,0.244160,0.211749
UBAC2,-0.397487,0.397487,-0.041304,0.041304,0.000000,0.000917,-0.274944,-0.019422,-0.638997,-0.276021,0.149614,2.537446,0.128140,0.132506
GIPR,0.392221,0.392221,0.043809,0.043809,0.000000,0.000433,0.451752,-0.491173,0.418661,0.372036,0.096580,1.054860,0.087861,0.252750
C1orf107,-0.391727,0.391727,-0.040099,0.040099,0.000000,0.000076,-0.089365,0.089125,-0.395711,-0.476763,0.446884,0.648156,0.229972,0.060690
CPPED1,0.388839,0.388839,0.494196,0.494196,0.000000,0.006327,0.452081,0.117856,0.287887,0.347226,1.088697,15.484542,3.854966,2.889380
NFU1,0.385601,0.385601,0.235721,0.235721,0.000000,0.007492,0.412046,0.155742,0.345907,0.438815,0.569738,3.332726,0.803670,0.739630
FBRSL1,-0.383568,0.383568,-0.071408,0.071408,0.000000,0.005663,-0.453121,-0.603220,-0.356775,-0.104051,0.156947,0.285662,0.141690,0.273238
RAB3A,0.383456,0.383456,0.159716,0.159716,0.000000,0.000704,0.608193,-0.099607,0.153066,0.406844,0.261536,2.539463,0.300625,0.240400
TMEM129,0.381985,0.381985,0.120443,0.120443,0.000000,0.000756,0.641987,0.051741,0.229357,-0.097998,0.186844,4.043330,0.183136,1.007380
AP1B1,0.379059,0.379059,0.034723,0.034723,0.000000,0.000022,0.538798,-0.123288,0.481131,0.042843,0.064183,0.312312,0.051821,0.117968
CENPB,0.377437,0.377437,0.036914,0.036914,0.000000,0.001650,0.552783,-0.076729,0.018828,0.348929,0.066507,2.981931,0.176459,0.063076
BUB1B,0.376173,0.376173,0.092125,0.092125,0.000000,0.005812,0.535352,0.326324,0.038357,-0.083149,0.171381,2.043499,0.890141,0.875063
USO1,0.372958,0.372958,0.096926,0.096926,0.000000,0.008035,0.455360,-0.091503,0.524309,-0.116342,0.211986,2.804782,0.277089,0.636007
NDUFAF1,0.372947,0.372947,0.161384,0.161384,0.000000,0.007721,0.504904,-0.054474,0.212679,0.156070,0.318328,7.396781,0.607870,2.329729
KIAA1688,-0.371625,0.371625,-0.057138,0.057138,0.000000,0.003809,-0.355184,0.035966,-0.463333,-0.460084,0.160212,0.584694,0.143724,0.547276
UCHL5,0.368822,0.368822,0.110193,0.110193,0.000000,0.008227,0.456544,0.397085,0.442826,-0.155192,0.240379,2.236891,0.267864,0.801442
ZC3H13,-0.367686,0.367686,-0.185736,0.185736,0.000000,0.000569,-0.604655,-0.134596,-0.465113,-0.154991,0.305923,0.676326,0.397745,0.315145
IGF1R,0.366683,0.366683,0.068125,0.068125,0.000000,0.006231,0.476075,-0.239746,0.226303,0.507330,0.142512,1.057340,0.255768,0.396408
MCOLN1,0.365497,0.365497,0.139129,0.139129,0.000000,0.000000,0.658985,0.084182,0.189813,0.151267,0.210264,2.601194,0.217592,0.446076
ALOX5,0.365251,0.365251,0.264371,0.264371,0.000000,0.007294,0.579180,0.087592,0.258686,0.194256,0.454595,4.301440,1.526736,0.508546
TCEA2,0.363861,0.363861,0.036152,0.036152,0.000000,0.002583,0.456011,0.139199,0.356097,-0.126123,0.078956,2.389911,0.149625,0.479807
SNF8,-0.362917,0.362917,-0.048459,0.048459,0.000000,0.000839,-0.246838,-0.314451,-0.544781,-0.216223,0.195516,1.284761,0.168371,0.326922
SAMD10,-0.362913,0.362913,-0.023098,0.023098,0.000000,0.002622,-0.368271,-0.206136,-0.397217,-0.338354,0.062464,0.510271,0.080230,0.119153
PEBP1,0.362178,0.362178,0.142950,0.142950,0.000000,0.004368,0.510984,0.022068,0.360105,0.064528,0.278613,1.861836,0.455977,0.858081
CSNK1G2,-0.355653,0.355653,-0.035543,0.035543,0.000000,0.001712,-0.504703,-0.037560,-0.434528,-0.207395,0.070136,0.238808,0.063740,0.073012
RPUSD4,0.345490,0.345490,0.119405,0.119405,0.000000,0.008512,0.477775,0.176333,0.395336,0.067098,0.248898,2.317404,0.381198,0.472450
COL23A1,0.345142,0.345142,0.040785,0.040785,0.000000,0.002624,0.410463,-0.182194,0.320162,0.325378,0.098958,1.575585,0.268463,0.085057
MRPS16,0.334959,0.334959,0.107833,0.107833,0.000000,0.007813,0.488316,0.442228,0.388893,-0.175657,0.219925,1.714711,0.725812,0.612120
OSBPL9,0.327693,0.327693,0.080989,0.080989,0.000000,0.000499,0.360437,-0.097282,0.474183,0.118628,0.223781,1.857307,0.336275,0.592032
FOXJ2,0.323897,0.323897,0.097375,0.097375,0.000000,0.001620,0.604392,-0.026353,0.172312,0.034431,0.160455,0.902255,0.387283,0.298876
C1orf9,-0.315328,0.315328,-0.138881,0.138881,0.000000,0.000461,-0.379920,0.119291,-0.556403,-0.294285,0.364060,0.599743,0.381671,0.249401
INPP5B,0.312317,0.312317,0.304103,0.304103,0.000000,0.005663,0.517190,0.061098,0.343822,0.113174,0.585591,2.881182,1.147996,0.686449
KLHL12,-0.309830,0.309830,-0.093077,0.093077,0.000000,0.004263,-0.114525,0.266475,-0.516140,-0.413657,0.809409,2.337029,0.543001,0.961809
TSSC1,0.309479,0.309479,0.262947,0.262947,0.000000,0.002376,0.664855,0.094349,0.040231,0.055697,0.393881,2.647962,0.545307,0.775510
HSP90AA1,0.309371,0.309371,0.058786,0.058786,0.000000,0.004056,0.582923,0.114519,0.068734,0.122795,0.100435,2.071342,0.182747,0.142118
MSTO1,0.307468,0.307468,0.018799,0.018799,0.000000,0.005793,0.086909,-0.286228,0.006468,0.494357,0.215429,0.343305,0.600392,0.057425
MAST3,-0.294243,0.294243,0.043335,0.043335,0.766420,0.000635,0.572888,-0.095296,0.095665,-1.550850,0.075333,1.510744,0.170570,0.052942
C1orf104,0.291944,0.291944,0.096521,0.096521,0.157021,0.000000,0.916844,0.261418,0.319028,-0.328321,0.104846,0.650902,0.187350,0.098527
RUVBL1,-0.282609,0.282609,-0.011064,0.011064,0.009468,0.009284,-0.165697,-0.089497,-0.590031,-0.084750,0.066498,0.350533,0.040205,0.038632
SOS2,-0.281723,0.281723,-0.078263,0.078263,0.000000,0.008582,-0.264171,0.284618,-0.404100,-0.066015,0.295049,5.016972,0.400751,1.621932
MANF,0.274075,0.274075,-0.058629,0.058629,0.000000,0.000000,-0.178647,0.101248,0.018995,0.491773,0.326845,1.261578,0.446728,0.104007
NUDT22,0.270552,0.270552,0.035414,0.035414,0.000000,0.005752,0.116221,-0.233038,0.536308,0.024624,0.303472,3.806838,0.111204,0.140613
TRPT1,0.270552,0.270552,0.035414,0.035414,0.000000,0.005752,0.116221,-0.233038,0.536308,0.024624,0.303472,3.806838,0.111204,0.140613
MGMT,-0.250945,0.250945,-0.113446,0.113446,0.000000,0.006568,-0.235270,0.195296,0.076106,-0.504846,0.480228,2.742706,0.832926,0.431806
MORN5,-0.219371,0.219371,-0.134660,0.134660,0.000000,0.000376,-0.072446,-0.193361,-0.028659,-0.239073,1.851184,3.632645,2.431759,0.119444
C1orf187,0.211031,0.211031,0.019083,0.019083,0.000000,0.000001,0.019326,-0.161242,-0.144843,0.362514,0.983383,1.971414,3.028503,0.302188
MINPP1,0.200489,0.200489,-0.043152,0.043152,0.000000,0.000977,-0.102987,-0.305736,-0.103710,0.282657,0.417291,2.117527,1.230690,0.067712
MCM10,-0.193082,0.193082,-0.063214,0.063214,0.000000,0.000001,-0.213239,0.037819,-0.031287,-0.356679,0.295236,1.288620,0.540114,0.398566
MAP2K7,-0.166382,0.166382,-0.070058,0.070058,0.000000,0.000000,-0.166293,0.198188,0.034650,-0.577545,0.419574,3.777304,0.543518,0.881192
MTHFD1L,-0.155763,0.155763,-0.047625,0.047625,0.000000,0.000000,-0.098281,-0.081103,-0.020146,-0.241352,0.482606,1.748668,0.330482,0.149587
MCEE,-0.137736,0.137736,0.024684,0.024684,0.060153,0.000000,0.119533,0.210264,0.377893,-0.724611,0.205663,0.349267,0.349288,0.130565
MGST3,-0.121426,0.121426,-0.020605,0.020605,0.000000,0.006738,-0.053392,0.132765,-0.179910,-0.157564,0.384338,2.321226,0.608688,0.189755
MRPL27,0.099987,0.099987,-0.033755,0.033755,0.000000,0.004789,-0.058795,0.203036,0.102491,0.301139,0.571773,2.447671,0.463716,0.873805
MAP4K2,0.082678,0.082678,0.101939,0.101939,0.000000,0.000053,0.172819,0.105548,0.253395,-0.017814,0.587455,4.526128,0.659710,0.240831
MRPL2,0.078834,0.078834,-0.009361,0.009361,0.000000,0.000000,-0.018993,-0.244037,0.059038,0.302949,0.490855,1.235033,0.512637,0.448818
MIR219-1,0.067383,0.067383,-0.029241,0.029241,0.000000,0.000000,-0.020647,0.079130,0.135488,0.104464,1.410416,4.975202,2.099030,1.343176
MBD2,-0.058863,0.058863,-0.189169,0.189169,0.000000,0.000016,-0.093391,0.141503,0.075099,-0.112183,2.017298,8.146532,2.766805,0.953895
MTMR14,0.040413,0.040413,-0.124062,0.124062,0.000000,0.004689,-0.333146,-0.101636,-0.408148,0.446784,0.370874,0.853547,0.326233,0.159447
MTA3,-0.038249,0.038249,0.158805,0.158805,0.000000,0.000009,0.136442,0.188576,0.221653,-0.342104,1.159153,3.869523,1.264895,0.732538
MRPL49,0.030014,0.030014,-0.023696,0.023696,0.000000,0.000215,-0.096721,-0.354174,-0.152525,0.174207,0.243995,1.250430,0.185340,0.079597
MIA3,0.021736,0.021736,0.043164,0.043164,0.356104,0.000009,0.699800,-0.254171,0.296027,-0.867239,0.061429,0.572893,0.144601,0.118069
C1orf203,-0.014579,0.014579,0.096560,0.096560,0.544913,0.000001,0.452821,-0.003052,0.703754,-1.180967,0.212370,1.490824,0.137151,0.151004
MSRA,-0.004315,0.004315,-0.123157,0.123157,0.000000,0.005663,-0.005745,0.057421,-0.013438,-0.026557,21.350538,28.319684,16.917592,14.134382
